[{"@type":"mappingTemplate","id":"@1","name":"Mapping_RESTV2","description":"Testing first checkout and check in","autoExpireObject":false,"bundleVersion":"0","assetFrsGuid":"kqnq8DEIi8NleijTbPbTGo","templateId":"@3","deployTime":1744289016000,"hasParameters":false,"valid":true,"fixedConnection":true,"hasParametersDeployed":false,"fixedConnectionDeployed":true,"isSchemaValidationEnabled":false,"tasks":0,"mappingPreviewFileRecordId":"@2","documentType":"MAPPING","allowMaxFieldLength":false,"references":[{"@type":"reference","refObjectId":"@9YJHsw3E9L5gMsg8huPXqP","refType":"connection"},{"@type":"reference","refObjectId":"@aym8BNRCVlcdPkCDqvGEO9","refType":"connection"}]}]