[{"@type":"mappingTemplate","id":"@1","name":"Mapping_RESTV2","description":"","autoExpireObject":false,"bundleVersion":"0","assetFrsGuid":"kqnq8DEIi8NleijTbPbTGo","templateId":"@3","hasParameters":false,"valid":true,"fixedConnection":true,"hasParametersDeployed":false,"fixedConnectionDeployed":false,"isSchemaValidationEnabled":false,"tasks":0,"mappingPreviewFileRecordId":"@2","documentType":"MAPPING","allowMaxFieldLength":false,"references":[{"@type":"reference","refObjectId":"@9YJHsw3E9L5gMsg8huPXqP","refType":"connection"},{"@type":"reference","refObjectId":"@aym8BNRCVlcdPkCDqvGEO9","refType":"connection"}]}]